{"packages/cupertino_icons/assets/CupertinoIcons.ttf":["packages/cupertino_icons/assets/CupertinoIcons.ttf"],"assets/animations/ITER-AIO.flr":["assets/animations/ITER-AIO.flr"],"packages/wiredash/lib/assets/fonts/LexendDeca-Regular.ttf":["packages/wiredash/lib/assets/fonts/LexendDeca-Regular.ttf"],"assets/policy/PrivacyPolicy.md":["assets/policy/PrivacyPolicy.md"],"assets/policy/T&C.md":["assets/policy/T&C.md"],"packages/wiredash/lib/assets/fonts/Wiredash-Icons.ttf":["packages/wiredash/lib/assets/fonts/Wiredash-Icons.ttf"],"packages/rflutter_alert/assets/images/close.png":["packages/rflutter_alert/assets/images/close.png","packages/rflutter_alert/assets/images/2.0x/close.png","packages/rflutter_alert/assets/images/3.0x/close.png"],"assets/logos/codex.jpg":["assets/logos/codex.jpg"],"assets/logos/codexLogo.png":["assets/logos/codexLogo.png"],"assets/logos/femaleAvtar.png":["assets/logos/femaleAvtar.png"],"assets/logos/happy.gif":["assets/logos/happy.gif"],"assets/icons/ic_status_down.png":["assets/icons/ic_status_down.png"],"assets/icons/ic_status_up.png":["assets/icons/ic_status_up.png"],"assets/icons/ic_subject_android.png":["assets/icons/ic_subject_android.png"],"assets/icons/ic_subject_chemistry.png":["assets/icons/ic_subject_chemistry.png"],"assets/icons/ic_subject_civil.png":["assets/icons/ic_subject_civil.png"],"assets/icons/ic_subject_communication.png":["assets/icons/ic_subject_communication.png"],"assets/icons/ic_subject_computer.png":["assets/icons/ic_subject_computer.png"],"assets/icons/ic_subject_database.png":["assets/icons/ic_subject_database.png"],"assets/icons/ic_subject_earth.png":["assets/icons/ic_subject_earth.png"],"assets/icons/ic_subject_economics.png":["assets/icons/ic_subject_economics.png"],"assets/icons/ic_subject_effective_speech.png":["assets/icons/ic_subject_effective_speech.png"],"assets/icons/ic_subject_electrical.png":["assets/icons/ic_subject_electrical.png"],"assets/icons/ic_subject_electromagnetic_waves.png":["assets/icons/ic_subject_electromagnetic_waves.png"],"assets/icons/ic_subject_environmental_studies.png":["assets/icons/ic_subject_environmental_studies.png"],"assets/icons/ic_subject_generic.png":["assets/icons/ic_subject_generic.png"],"assets/icons/ic_subject_html.png":["assets/icons/ic_subject_html.png"],"assets/icons/ic_subject_humanities.png":["assets/icons/ic_subject_humanities.png"],"assets/icons/ic_subject_maths.png":["assets/icons/ic_subject_maths.png"],"assets/icons/ic_subject_matlab.png":["assets/icons/ic_subject_matlab.png"],"assets/icons/ic_subject_mechanical.png":["assets/icons/ic_subject_mechanical.png"],"assets/icons/ic_subject_network.png":["assets/icons/ic_subject_network.png"],"assets/icons/ic_subject_physics.png":["assets/icons/ic_subject_physics.png"],"assets/icons/ic_subject_probability_statistics.png":["assets/icons/ic_subject_probability_statistics.png"],"assets/icons/ic_subject_renewable_energy.png":["assets/icons/ic_subject_renewable_energy.png"],"assets/icons/ic_subject_security.png":["assets/icons/ic_subject_security.png"],"assets/icons/ic_subject_server.png":["assets/icons/ic_subject_server.png"],"assets/icons/ic_subject_soil.png":["assets/icons/ic_subject_soil.png"],"assets/icons/ic_subject_traffic.png":["assets/icons/ic_subject_traffic.png"],"assets/icons/ic_subject_water.png":["assets/icons/ic_subject_water.png"],"assets/icons/ic_subject_wifi.png":["assets/icons/ic_subject_wifi.png"],"assets/logos/icon.png":["assets/logos/icon.png"],"packages/rflutter_alert/assets/images/icon_error.png":["packages/rflutter_alert/assets/images/icon_error.png","packages/rflutter_alert/assets/images/2.0x/icon_error.png","packages/rflutter_alert/assets/images/3.0x/icon_error.png"],"packages/line_awesome_icons/assets/fonts/icon_font.ttf":["packages/line_awesome_icons/assets/fonts/icon_font.ttf"],"packages/rflutter_alert/assets/images/icon_info.png":["packages/rflutter_alert/assets/images/icon_info.png","packages/rflutter_alert/assets/images/2.0x/icon_info.png","packages/rflutter_alert/assets/images/3.0x/icon_info.png"],"packages/rflutter_alert/assets/images/icon_success.png":["packages/rflutter_alert/assets/images/icon_success.png","packages/rflutter_alert/assets/images/2.0x/icon_success.png","packages/rflutter_alert/assets/images/3.0x/icon_success.png"],"packages/rflutter_alert/assets/images/icon_warning.png":["packages/rflutter_alert/assets/images/icon_warning.png","packages/rflutter_alert/assets/images/2.0x/icon_warning.png","packages/rflutter_alert/assets/images/3.0x/icon_warning.png"],"packages/flutter_markdown/assets/logo.png":["packages/flutter_markdown/assets/logo.png"],"packages/wiredash/assets/images/logo_footer.png":["packages/wiredash/assets/images/logo_footer.png"],"packages/wiredash/assets/images/logo_grey.png":["packages/wiredash/assets/images/logo_grey.png"],"packages/wiredash/assets/images/logo_white.png":["packages/wiredash/assets/images/logo_white.png"],"assets/logos/low%20happy.gif":["assets/logos/low%20happy.gif"],"assets/logos/low%20sad.gif":["assets/logos/low%20sad.gif"],"assets/logos/maleAvtar.png":["assets/logos/maleAvtar.png"],"packages/wiredash/assets/images/pen.png":["packages/wiredash/assets/images/pen.png"],"assets/logos/sad.gif":["assets/logos/sad.gif"]}