[{"family":"MaterialIcons","fonts":[{"asset":"fonts/MaterialIcons-Regular.otf"}]},{"family":"packages/cupertino_icons/CupertinoIcons","fonts":[{"asset":"packages/cupertino_icons/assets/CupertinoIcons.ttf"}]},{"family":"packages/line_awesome_icons/IconFont","fonts":[{"asset":"packages/line_awesome_icons/assets/fonts/icon_font.ttf"}]},{"family":"packages/wiredash/LexendDeca","fonts":[{"asset":"packages/wiredash/lib/assets/fonts/LexendDeca-Regular.ttf"}]},{"family":"packages/wiredash/wiredash-icons","fonts":[{"asset":"packages/wiredash/lib/assets/fonts/Wiredash-Icons.ttf"}]}]